dv,beta,se,ci_low,ci_high,dv_label
rightorwrong,2.069929540116679,0.16220264207731985,1.7515365014723203,2.388322578761038,Rightness judgment
repair_score,-1.3419787694353946,0.15763538186042292,-1.6514065789064571,-1.032550959964332,Repair likelihood
return_likelihood,0.8259716645200417,0.20524201370495185,0.4230951912141605,1.2288481378259228,Return likelihood
response_quality,0.6356542162285044,0.17136541415959092,0.2992752631235826,0.9720331693334261,Response quality
performance_trust_score,0.46639175257732063,0.16435471015978428,0.14376815917993474,0.7890153459747065,Performance trust
moral_trust_score,0.6056337287288615,0.19170332782543426,0.2293226429388649,0.9819448145188581,Moral trust
